Movie Name,Release Year,Director,Age Difference,Actor 1 Name,Actor 1 Gender,Actor 1 Birthdate,Actor 1 Age,Actor 2 Name,Actor 2 Gender,Actor 2 Birthdate,Actor 2 Age,dif,image_url
Venus,2006,Michael Curtiz,50,Peter O'Toole,man,1932-08-02,74,Jodie Whittaker,woman,1982-06-03,24,50,https://raw.githubusercontent.com/malbasi/hollywood-age-gap/master/movie-posters/venus.jpg
The Quiet American,2002,Phillip Noyce,49,Michael Caine,man,1933-03-14,69,Do Thi Hai Yen,woman,1982-10-01,20,49,https://raw.githubusercontent.com/malbasi/hollywood-age-gap/master/movie-posters/the-quiet-american-2002.jpg
The Big Lebowski,1998,Joel Coen,45,David Huddleston,man,1930-09-17,68,Tara Reid,woman,1975-11-08,23,45,https://raw.githubusercontent.com/malbasi/hollywood-age-gap/master/movie-posters/the-big-lebowski.jpg
Beginners,2010,Mike Mills,43,Christopher Plummer,man,1929-12-13,81,Goran Visnjic,man,1972-09-09,38,43,https://raw.githubusercontent.com/malbasi/hollywood-age-gap/master/movie-posters/beginners.jpg
Poison Ivy,1992,Katt Shea,42,Tom Skerritt,man,1933-08-25,59,Drew Barrymore,woman,1975-02-22,17,42,https://raw.githubusercontent.com/malbasi/hollywood-age-gap/master/movie-posters/poison-ivy.jpg
Whatever Works,2009,Woody Allen,40,Larry David,man,1947-07-02,62,Evan Rachel Wood,woman,1987-09-07,22,40,https://raw.githubusercontent.com/malbasi/hollywood-age-gap/master/movie-posters/whatever-works.jpg
Entrapment,1999,Jon Amiel,39,Sean Connery,man,1930-08-25,69,Catherine Zeta-Jones,woman,1969-09-25,30,39,https://raw.githubusercontent.com/malbasi/hollywood-age-gap/master/movie-posters/entrapment.jpg
Husbands and Wives,1992,Woody Allen,38,Woody Allen,man,1935-12-01,57,Juliette Lewis,woman,1973-06-21,19,38,https://raw.githubusercontent.com/malbasi/hollywood-age-gap/master/movie-posters/husbands-and-wives.jpg
Magnolia,1999,Paul Thomas Anderson,38,Jason Robards,man,1922-07-26,77,Julianne Moore,woman,1960-12-03,39,38,https://raw.githubusercontent.com/malbasi/hollywood-age-gap/master/movie-posters/magnolia.jpg
Mr. Peabody and the Mermaid,1948,Irving Pichel,36,William Powell,man,1892-06-29,56,Ann Blyth,woman,1928-08-16,20,36,https://raw.githubusercontent.com/malbasi/hollywood-age-gap/master/movie-posters/mr.%20peabody-and-the-mermaid.jpg
First Knight,1995,Jerry Zucker,35,Sean Connery,man,1930-08-25,65,Julia Ormond,woman,1965-01-04,30,35,https://raw.githubusercontent.com/malbasi/hollywood-age-gap/master/movie-posters/first-knight.jpg
Something's Gotta Give,2003,Nancy Meyers,35,Jack Nicholson,man,1937-04-22,66,Amanda Peet,woman,1972-01-11,31,35,https://raw.githubusercontent.com/malbasi/hollywood-age-gap/master/movie-posters/something's-gotta-give.jpg
Eternal Sunshine of the Spotless Mind,2004,Michel Gondry,34,Tom Wilkinson,man,1948-02-05,56,Kirsten Dunst,woman,1982-04-30,22,34,https://raw.githubusercontent.com/malbasi/hollywood-age-gap/master/movie-posters/eternal-sunshine-of-the-spotless-mind.jpg
Lost in Translation,2003,Sofia Coppola,34,Bill Murray,man,1950-09-21,53,Scarlett Johansson,woman,1984-11-22,19,34,https://raw.githubusercontent.com/malbasi/hollywood-age-gap/master/movie-posters/lost-in-translation.jpg
Shopgirl,2005,Anand Tucker,34,Steve Martin,man,1945-08-14,60,Claire Danes,woman,1979-04-12,26,34,https://raw.githubusercontent.com/malbasi/hollywood-age-gap/master/movie-posters/shopgirl.jpg
Wild Target,2010,Jonathan Lynn,34,Bill Nighy,man,1949-12-12,61,Emily Blunt,woman,1983-02-23,27,34,https://raw.githubusercontent.com/malbasi/hollywood-age-gap/master/movie-posters/wild-target.jpg
Fort Apache The Bronx,1981,Daniel Petrie,33,Paul Newman,man,1925-01-26,56,Rachel Ticotin,woman,1958-11-01,23,33,"https://raw.githubusercontent.com/malbasi/hollywood-age-gap/master/movie-posters/fort-apache-the-bronx.jpg"
Hollywood Ending,2002,Woody Allen,33,Woody Allen,man,1935-12-01,67,Debra Messing,woman,1968-08-15,34,33,https://raw.githubusercontent.com/malbasi/hollywood-age-gap/master/movie-posters/hollywood-ending.jpg
Mighty Aphrodite1,1995,Woody Allen,32,Woody Allen,man,1935-12-01,60,Mira Sorvino,woman,1967-09-28,28,32,https://raw.githubusercontent.com/malbasi/hollywood-age-gap/master/movie-posters/mighty-aphrodite.jpg
Stone,2010,John Curran,32,Robert De Niro,man,1943-08-18,67,Milla Jovovich,woman,1975-12-17,35,32,https://raw.githubusercontent.com/malbasi/hollywood-age-gap/master/movie-posters/stone.jpg
Third Person,2013,Paul Haggis,32,Liam Neeson,man,1952-06-07,61,Olivia Wilde,woman,1984-03-10,29,32,https://raw.githubusercontent.com/malbasi/hollywood-age-gap/master/movie-posters/third-person.jpg
Elegy,2008,Isabel Coixet,31,Ben Kingsley,man,1943-12-31,65,Penelope Cruz,woman,1974-04-28,34,31,https://raw.githubusercontent.com/malbasi/hollywood-age-gap/master/movie-posters/elegy.jpg
Mighty Aphrodite ,1995,Woody Allen,31,Woody Allen,man,1935-12-01,60,Helena Bonham Carter,woman,1966-05-26,29,31,https://raw.githubusercontent.com/malbasi/hollywood-age-gap/master/movie-posters/mighty-aphrodite.jpg
A View to a Kill,1985,John Glen,30,Roger Moore,man,1927-10-14,58,Mary Stavin,woman,1957-08-20,28,30,https://raw.githubusercontent.com/malbasi/hollywood-age-gap/master/movie-posters/a-view-to-a-kill.jpg
For Your Eyes Only,1981,John Glen,30,Roger Moore,man,1927-10-14,54,Carole Bouquet,woman,1957-08-18,24,30,https://raw.githubusercontent.com/malbasi/hollywood-age-gap/master/movie-posters/for-your-eyes-only.jpg
Funny Face,1957,Stanley Donen,30,Fred Astaire,man,1899-05-10,58,Audrey Hepburn,woman,1929-05-04,28,30,https://raw.githubusercontent.com/malbasi/hollywood-age-gap/master/movie-posters/funny-face.jpg
Kindergarten Cop 2,2016,Don Michael Paul,30,Dolph Lundgren,man,1957-11-03,59,Darla Taylor,woman,1987-01-31,29,30,https://raw.githubusercontent.com/malbasi/hollywood-age-gap/master/movie-posters/kindergarten-cop-2.jpg
Sabrina,1954,Billy Wilder,30,Humphrey Bogart,man,1899-12-25,55,Audrey Hepburn,woman,1929-05-04,25,30,https://raw.githubusercontent.com/malbasi/hollywood-age-gap/master/movie-posters/sabrina.jpg
The Quiet American ,1958,Joseph L. Mankiewicz,30,Michael Redgrave,man,1908-03-20,50,Giorgia Moll,woman,1938-01-14,20,30,https://raw.githubusercontent.com/malbasi/hollywood-age-gap/master/movie-posters/the-quiet-american-1958.jpg
